{"eval_loss": 1.42806077003479, "eval_model_preparation_time": 0.0027, "eval_accuracy": 0.5610966086387634, "eval_runtime": 275.3284, "eval_samples_per_second": 591.53, "eval_steps_per_second": 73.944}