{"eval_loss": 4.501835823059082, "eval_model_preparation_time": 0.0027, "eval_accuracy": 0.3331639766693115, "eval_runtime": 33.9146, "eval_samples_per_second": 580.399, "eval_steps_per_second": 72.565}