{"eval_loss": 0.3789721727371216, "eval_model_preparation_time": 0.0029, "eval_accuracy": 0.8968705534934998, "eval_runtime": 16.8095, "eval_samples_per_second": 585.501, "eval_steps_per_second": 73.232}